cow_id,n_sequences,target_mean,pain_prob,positives,target
363,6,1.0,0.39961319943494633,6,1
370,24,0.0,0.40511326202554604,0,0
378,33,0.0,0.40016812365308124,0,0
403,10,1.0,0.4020291424694843,10,1
404,5,0.0,0.4005636363948975,0,0
408,6,0.0,0.40058224698885353,0,0
433,29,1.0,0.4007367902421462,29,1
436,30,0.0,0.3997770039993948,0,0
