cow_id,n_sequences,target_mean,pain_prob,positives,target
363,6,1.0,0.016778593242067995,6,1
370,24,0.0,0.02214161556229688,0,0
378,33,0.0,0.017210031814011612,0,0
403,10,1.0,0.019446518013356433,10,1
404,5,0.0,0.017469444505418378,0,0
408,6,0.0,0.017485762849136846,0,0
433,29,1.0,0.01760691630560933,29,1
436,30,0.0,0.016895197156615357,0,0
