cow_id,n_sequences,target_mean,pain_prob,positives,target
363,2,1.0,0.4992914991958731,2,1
403,11,1.0,0.4962936813708362,11,1
404,10,0.0,0.5091966606823485,0,0
408,6,0.0,0.4796267048796962,0,0
