cow_id,n_sequences,target_mean,pain_prob,positives,target
363,2,1.0,0.49699740182940827,2,1
403,11,1.0,0.4836737131738985,11,1
404,10,0.0,0.5339919576633755,0,0
408,6,0.0,0.4146855916650345,0,0
