cow_id,n_sequences,target_mean,pain_prob,positives,target
363,2,1.0,0.4914743385215345,2,1
403,11,1.0,0.47410452264414166,11,1
404,10,0.0,0.5117436444716186,0,0
408,6,0.0,0.43609619299311836,0,0
