cow_id,n_sequences,target_mean,pain_prob,positives,target
363,2,1.0,0.5867754792612878,2,1
403,11,1.0,0.5095528662737401,11,1
404,10,0.0,0.597113377220986,0,0
408,6,0.0,0.4682757171200036,0,0
