cow_id,n_sequences,target_mean,pain_prob,positives,target
363,2,1.0,0.49621119299072713,2,1
403,11,1.0,0.4895716774862914,11,1
404,10,0.0,0.49895491600019026,0,0
408,6,0.0,0.48698651399051435,0,0
