cow_id,n_sequences,target_mean,pain_prob,positives,target
363,2,1.0,0.48653981493121223,2,1
403,11,1.0,0.463064226779152,11,1
404,10,0.0,0.4961487392457177,0,0
408,6,0.0,0.45388696959092417,0,0
