cow_id,n_sequences,target_mean,pain_prob,positives,target
363,2,1.0,0.6676879046291013,2,1
403,11,1.0,0.6131019790599386,11,1
404,10,0.0,0.6798471443330336,0,0
408,6,0.0,0.5550026223114695,0,0
