cow_id,n_sequences,target_mean,pain_prob,positives,target
363,6,1.0,0.31387370961292,6,1
370,24,0.0,0.34271479809643496,0,0
378,33,0.0,0.3225453267631386,0,0
403,10,1.0,0.325979006530563,10,1
404,5,0.0,0.3239234461225674,0,0
408,6,0.0,0.32968357320194025,0,0
433,29,1.0,0.328194002978131,29,1
436,30,0.0,0.3202504217769274,0,0
