cow_id,n_sequences,target_mean,pain_prob,positives,target
363,6,1.0,0.3828526443919092,6,1
370,24,0.0,0.4473255533213581,0,0
378,33,0.0,0.3985842765027372,0,0
403,10,1.0,0.39943849591025676,10,1
404,5,0.0,0.41789882338883916,0,0
408,6,0.0,0.4191475687401149,0,0
433,29,1.0,0.4238640813399868,29,1
436,30,0.0,0.38609842055728255,0,0
