cow_id,n_sequences,target_mean,pain_prob,positives,target
363,2,1.0,0.5043945705647337,2,1
403,11,1.0,0.48323302856653433,11,1
404,10,0.0,0.5359279178538234,0,0
408,6,0.0,0.41817856269567005,0,0
