cow_id,n_sequences,target_mean,pain_prob,positives,target
363,2,1.0,0.5010128630015651,2,1
403,11,1.0,0.49627266199125447,11,1
404,10,0.0,0.5093755920144079,0,0
408,6,0.0,0.48093898254976275,0,0
