cow_id,n_sequences,target_mean,pain_prob,positives,target
363,6,1.0,0.3828430565264312,6,1
370,24,0.0,0.44717331777345276,0,0
378,33,0.0,0.3984986790862262,0,0
403,10,1.0,0.3993959727101487,10,1
404,5,0.0,0.41776694927063307,0,0
408,6,0.0,0.41892870268985455,0,0
433,29,1.0,0.4237175968076157,29,1
436,30,0.0,0.38608128792467283,0,0
