cow_id,n_sequences,target_mean,pain_prob,positives,target
363,6,1.0,0.4771781983330974,6,1
370,24,0.0,0.4837227965760351,0,0
378,33,0.0,0.4793203605239698,0,0
403,10,1.0,0.4795896351206653,10,1
404,5,0.0,0.47990845585771397,0,0
408,6,0.0,0.4813272493611463,0,0
433,29,1.0,0.4806392764596095,29,1
436,30,0.0,0.4787569460623188,0,0
