cow_id,n_sequences,target_mean,pain_prob,positives,target
363,6,1.0,0.3574448974948159,6,1
370,24,0.0,0.3974857924790584,0,0
378,33,0.0,0.37032593055958596,0,0
403,10,1.0,0.3720906062931433,10,1
404,5,0.0,0.37379336357836607,0,0
408,6,0.0,0.38240354907293317,0,0
433,29,1.0,0.3782651299876642,29,1
436,30,0.0,0.3668581644629433,0,0
