cow_id,n_sequences,target_mean,pain_prob,positives,target
363,6,1.0,0.3828449952221773,6,1
370,24,0.0,0.44724047803822575,0,0
378,33,0.0,0.39853680862969354,0,0
403,10,1.0,0.399416764151468,10,1
404,5,0.0,0.41781633515847966,0,0
408,6,0.0,0.41904409534049875,0,0
433,29,1.0,0.4237717034007365,29,1
436,30,0.0,0.3860888507052723,0,0
