cow_id,n_sequences,target_mean,pain_prob,positives,target
363,6,1.0,0.3840038169497082,6,1
370,24,0.0,0.45125335116928317,0,0
378,33,0.0,0.4016337632574702,0,0
403,10,1.0,0.40185694755312146,10,1
404,5,0.0,0.4216679755407678,0,0
408,6,0.0,0.4248996212083456,0,0
433,29,1.0,0.4284488664380737,29,1
436,30,0.0,0.3876796188982577,0,0
