cow_id,n_sequences,target_mean,pain_prob,positives,target
363,6,1.0,0.38399380142810197,6,1
370,24,0.0,0.4503970944755746,0,0
378,33,0.0,0.40134097880361214,0,0
403,10,1.0,0.40201127117881674,10,1
404,5,0.0,0.4213677367436757,0,0
408,6,0.0,0.42447883259883396,0,0
433,29,1.0,0.42767694328097383,29,1
436,30,0.0,0.387784341524564,0,0
