cow_id,n_sequences,target_mean,pain_prob,positives,target
363,6,1.0,0.36883235786774926,6,1
370,24,0.0,0.40260712005886273,0,0
378,33,0.0,0.3783404405410395,0,0
403,10,1.0,0.3791998637457364,10,1
404,5,0.0,0.38087008416049434,0,0
408,6,0.0,0.38728651194706293,0,0
433,29,1.0,0.3862305538975536,29,1
436,30,0.0,0.3748889754709085,0,0
