cow_id,n_sequences,target_mean,pain_prob,positives,target
363,6,1.0,0.47508851317158,6,1
370,24,0.0,0.48133185058643946,0,0
378,33,0.0,0.47711908043592377,0,0
403,10,1.0,0.4774735030224089,10,1
404,5,0.0,0.47763524049051354,0,0
408,6,0.0,0.4789901410549145,0,0
433,29,1.0,0.4783189822485732,29,1
436,30,0.0,0.4765633263641774,0,0
