cow_id,n_sequences,target_mean,pain_prob,positives,target
363,6,1.0,0.3452873923079298,6,1
370,24,0.0,0.38297380044765994,0,0
378,33,0.0,0.3573060121089995,0,0
403,10,1.0,0.3595822735775337,10,1
404,5,0.0,0.36029737831677056,0,0
408,6,0.0,0.36839603506284696,0,0
433,29,1.0,0.36442134455789005,29,1
436,30,0.0,0.35394003099175025,0,0
