cow_id,n_sequences,target_mean,pain_prob,positives,target
363,2,1.0,0.5142969042373643,2,1
403,11,1.0,0.47578408614173556,11,1
404,10,0.0,0.5174394385086097,0,0
408,6,0.0,0.470119382837565,0,0
