cow_id,n_sequences,target_mean,pain_prob,positives,target
363,2,1.0,0.5659829148815452,2,1
403,11,1.0,0.39108585188605893,11,1
404,10,0.0,0.5685447975157234,0,0
408,6,0.0,0.36835135234998556,0,0
