cow_id,n_sequences,target_mean,pain_prob,positives,target
363,6,1.0,0.4814420848129199,6,1
370,24,0.0,0.48299250025543067,0,0
378,33,0.0,0.4797810896481969,0,0
403,10,1.0,0.479968770353576,10,1
404,5,0.0,0.48132972417177877,0,0
408,6,0.0,0.4792296016610474,0,0
433,29,1.0,0.48098131413955014,29,1
436,30,0.0,0.4784998319281563,0,0
