cow_id,n_sequences,target_mean,pain_prob,positives,target
363,6,1.0,0.3780980963885942,6,1
370,24,0.0,0.3882483684096885,0,0
378,33,0.0,0.36773466969040924,0,0
403,10,1.0,0.36919874922231777,10,1
404,5,0.0,0.3774578036596486,0,0
408,6,0.0,0.3642822819079194,0,0
433,29,1.0,0.3752627323412893,29,1
436,30,0.0,0.35972157559554035,0,0
