cow_id,n_sequences,target_mean,pain_prob,positives,target
363,6,1.0,0.41837295480188824,6,1
403,10,1.0,0.4233146087989816,10,1
404,5,0.0,0.4718183201622976,0,0
408,6,0.0,0.4309143754720696,0,0
