cow_id,n_sequences,target_mean,pain_prob,positives,target
363,6,1.0,0.4668224374901471,6,1
403,10,1.0,0.4687723849125704,10,1
404,5,0.0,0.48857962955761736,0,0
408,6,0.0,0.47195194003850244,0,0
