cow_id,n_sequences,target_mean,pain_prob,positives,target
363,2,1.0,0.5214866939067675,2,1
403,11,1.0,0.5117777204745919,11,1
404,10,0.0,0.5322023376958771,0,0
408,6,0.0,0.48276173708029296,0,0
