cow_id,n_sequences,target_mean,pain_prob,positives,target
363,2,1.0,0.5558944295775963,2,1
403,11,1.0,0.5288612911064258,11,1
404,10,0.0,0.5782117269401499,0,0
408,6,0.0,0.45526936833813897,0,0
