video_health_status,n,pain_prob_mean,pain_prob_std
Healthy,123,0.43058302465493115,0.04908225202040817
Unhealthy,127,0.4367499515766234,0.055900539449718026
