cow_health_status,n,pain_prob_mean,pain_prob_std
Healthy,105,0.42945420543352764,0.045423952824611584
Unhealthy,145,0.4368018228432228,0.057272012277549716
