cow_id,n_sequences,target_mean,pain_prob,positives,target
363,6,1.0,0.5189989991539702,6,1
403,10,1.0,0.3463392831493038,10,1
404,5,0.0,0.4532793729995423,0,0
408,6,0.0,0.3694604529046133,0,0
