cow_id,n_sequences,target_mean,pain_prob,positives,target
363,6,1.0,0.5077694831875901,6,1
403,10,1.0,0.4352241301833491,10,1
404,5,0.0,0.4804444963311541,0,0
408,6,0.0,0.4456927340645871,0,0
