cow_id,n_sequences,target_mean,pain_prob,positives,target
363,6,1.0,0.34901239535778944,6,1
370,24,0.0,0.3887770767812711,0,0
378,33,0.0,0.3619032698936932,0,0
403,10,1.0,0.36372467451250323,10,1
404,5,0.0,0.36510008279014616,0,0
408,6,0.0,0.37373062357430875,0,0
433,29,1.0,0.369488685213209,29,1
436,30,0.0,0.35848583108352383,0,0
