cow_id,n_sequences,target_mean,pain_prob,positives,target
363,6,1.0,0.47574388897271835,6,1
370,24,0.0,0.48229384098265227,0,0
378,33,0.0,0.477908296259581,0,0
403,10,1.0,0.4781874429843384,10,1
404,5,0.0,0.47845740039011597,0,0
408,6,0.0,0.4798920974430745,0,0
433,29,1.0,0.4791801989875405,29,1
436,30,0.0,0.4773488972845151,0,0
