cow_id,n_sequences,target_mean,pain_prob,positives,target
363,6,1.0,0.3033991922612945,6,1
370,24,0.0,0.33098344658920714,0,0
378,33,0.0,0.31189794291438494,0,0
403,10,1.0,0.3155226937024394,10,1
404,5,0.0,0.3128134286883267,0,0
408,6,0.0,0.31841792807816754,0,0
433,29,1.0,0.316954966267972,29,1
436,30,0.0,0.3098404191130707,0,0
