cow_id,n_sequences,target_mean,pain_prob,positives,target
363,2,1.0,0.5558577320236349,2,1
403,11,1.0,0.5288139764690519,11,1
404,10,0.0,0.5781712227496739,0,0
408,6,0.0,0.45524742325828393,0,0
