cow_id,n_sequences,target_mean,pain_prob,positives,target
363,2,1.0,0.5214718533961282,2,1
403,11,1.0,0.5117583477535137,11,1
404,10,0.0,0.5321838069685925,0,0
408,6,0.0,0.48275370058542816,0,0
