cow_id,n_sequences,target_mean,pain_prob,positives,target
363,2,1.0,0.509131019948887,2,1
403,11,1.0,0.5012317995842387,11,1
404,10,0.0,0.5155628797104728,0,0
408,6,0.0,0.48437703638473834,0,0
