cow_id,n_sequences,target_mean,pain_prob,positives,target
363,2,1.0,0.5381567658174548,2,1
403,11,1.0,0.5038808431236835,11,1
404,10,0.0,0.5592003283812588,0,0
408,6,0.0,0.43512120217950406,0,0
