cow_id,n_sequences,target_mean,pain_prob,positives,target
363,2,1.0,0.526203661448146,2,1
403,11,1.0,0.5033157398492505,11,1
404,10,0.0,0.5308723236052619,0,0
408,6,0.0,0.49053686321115464,0,0
