cow_id,n_sequences,target_mean,pain_prob,positives,target
363,2,1.0,0.511195943508024,2,1
403,11,1.0,0.49084873095163334,11,1
404,10,0.0,0.5428378314365098,0,0
408,6,0.0,0.4226367382444734,0,0
