cow_id,n_sequences,target_mean,pain_prob,positives,target
363,2,1.0,0.5025403127943593,2,1
403,11,1.0,0.4981124961630961,11,1
404,10,0.0,0.5109118776563865,0,0
408,6,0.0,0.48227107823543774,0,0
