cow_id,n_sequences,target_mean,pain_prob,positives,target
363,2,1.0,0.5099358625494622,2,1
403,11,1.0,0.487284121451181,11,1
404,10,0.0,0.5178684792144291,0,0
408,6,0.0,0.4799045969118397,0,0
