cow_id,n_sequences,target_mean,pain_prob,positives,target
363,2,1.0,0.5259952591335313,2,1
403,11,1.0,0.4666727938316935,11,1
404,10,0.0,0.5448884071080505,0,0
408,6,0.0,0.44768065457803025,0,0
