cow_id,n_sequences,target_mean,pain_prob,positives,target
363,2,1.0,0.6056635898363891,2,1
403,11,1.0,0.5530988438037128,11,1
404,10,0.0,0.6132164046966497,0,0
408,6,0.0,0.4727357387766939,0,0
