cow_id,n_sequences,target_mean,pain_prob,positives,target
363,2,1.0,0.5280089638101495,2,1
403,11,1.0,0.5147977811398735,11,1
404,10,0.0,0.5321524772575534,0,0
408,6,0.0,0.49286844714390704,0,0
