cow_id,n_sequences,target_mean,pain_prob,positives,target
363,6,1.0,0.0447335246286667,6,1
370,24,0.0,0.07359008179088401,0,0
378,33,0.0,0.04459134481069263,0,0
403,10,1.0,0.06868348220856006,10,1
404,5,0.0,0.05033997920319237,0,0
408,6,0.0,0.038275509683002584,0,0
433,29,1.0,0.05024217320274239,29,1
436,30,0.0,0.03865763249310445,0,0
