cow_id,n_sequences,target_mean,pain_prob,positives,target
363,6,1.0,0.4216512961675518,6,1
370,24,0.0,0.4310869109098139,0,0
378,33,0.0,0.4211176778059446,0,0
403,10,1.0,0.4245911396953218,10,1
404,5,0.0,0.42397542236124525,0,0
408,6,0.0,0.41758436854998077,0,0
433,29,1.0,0.4238204966292096,29,1
436,30,0.0,0.4178166919018421,0,0
