cow_id,n_sequences,target_mean,pain_prob,positives,target
363,6,1.0,0.4728000442957347,6,1
370,24,0.0,0.47383339577615086,0,0
378,33,0.0,0.4689756459681554,0,0
403,10,1.0,0.4695412545762614,10,1
404,5,0.0,0.470989156126461,0,0
408,6,0.0,0.46477813548132874,0,0
433,29,1.0,0.4697476752788349,29,1
436,30,0.0,0.4668607633953454,0,0
