cow_id,n_sequences,target_mean,pain_prob,positives,target
363,6,1.0,0.3482321230948238,6,1
370,24,0.0,0.35416153726519717,0,0
378,33,0.0,0.32866620727265167,0,0
403,10,1.0,0.33225318464570724,10,1
404,5,0.0,0.3389119666449732,0,0
408,6,0.0,0.3074053983675937,0,0
433,29,1.0,0.33266936858850765,29,1
436,30,0.0,0.317833336348589,0,0
