cow_id,n_sequences,target_mean,pain_prob,positives,target
363,2,1.0,0.4994996188287085,2,1
403,11,1.0,0.4970278496565861,11,1
404,10,0.0,0.5093616296885324,0,0
408,6,0.0,0.48117282835945874,0,0
