cow_id,n_sequences,target_mean,pain_prob,positives,target
363,2,1.0,0.4977352459995664,2,1
403,11,1.0,0.4858139928213273,11,1
404,10,0.0,0.5368995870585993,0,0
408,6,0.0,0.4158019010396326,0,0
