cow_id,n_sequences,target_mean,pain_prob,positives,target
363,2,1.0,0.5138910079689012,2,1
403,11,1.0,0.49465823327254904,11,1
404,10,0.0,0.511902496548433,0,0
408,6,0.0,0.48916516390087855,0,0
