cow_id,n_sequences,target_mean,pain_prob,positives,target
363,2,1.0,0.571132296515964,2,1
403,11,1.0,0.4710909919843822,11,1
404,10,0.0,0.5557496051142705,0,0
408,6,0.0,0.4441437167260432,0,0
