cow_id,n_sequences,target_mean,pain_prob,positives,target
363,6,1.0,0.3841512745849678,6,1
370,24,0.0,0.45175296273839266,0,0
378,33,0.0,0.4019247629538066,0,0
403,10,1.0,0.40198235650956426,10,1
404,5,0.0,0.42213085446008247,0,0
408,6,0.0,0.425333364423839,0,0
433,29,1.0,0.4290846404168012,29,1
436,30,0.0,0.38779394989687993,0,0
